{"cameraMode":{"drawMode":0,"name":"Shaded","section":"Shading Mode"},"sceneLighting":true,"audioPlay":false,"sceneViewState":{"m_AlwaysRefresh":false,"showFog":true,"showSkybox":true,"showFlares":true,"showImageEffects":true,"showParticleSystems":true,"showVisualEffectGraphs":true,"m_FxEnabled":true},"in2DMode":false,"pivot":{"x":-18.268535614013673,"y":15.632146835327149,"z":39.13203048706055},"rotation":{"x":0.07525637000799179,"y":0.9049819111824036,"z":-0.18015214800834657,"w":0.37802591919898989},"size":16.907081604003908,"orthographic":true}